-- Project 4H Dashboard — Seed Data
-- Auto-generated by scripts/gen-seed.js

-- ─── ADS ──────────────────────────────────────────────────────────────────────
INSERT INTO ads (id, platform, campaign_group, format, primary_text, headline, cta, landing_path, utm_source, utm_medium, utm_campaign, utm_content, utm_term, status, created_at) VALUES ('LI-R1', 'linkedin', '4h_linkedin_problem', 'static1x1', 'If you run a small trade business, every missed call is a real revenue leak. Saw.City helps you capture more inbound calls and turn them into booked work without adding office overhead.', 'Stop losing jobs to missed calls', 'Start now', '/li', 'linkedin', 'paid-social', '4h_2026-03_activation_missed-calls', 'lic01_hk01_static1x1', 'owners_1-10', 'approved', '2026-02-20T09:00:00Z') ON CONFLICT (id) DO NOTHING;
INSERT INTO ads (id, platform, campaign_group, format, primary_text, headline, cta, landing_path, utm_source, utm_medium, utm_campaign, utm_content, utm_term, status, created_at) VALUES ('LI-R2', 'linkedin', '4h_linkedin_problem', 'static1x1', 'Most 1–10 person trade shops don’t lose jobs because of bad work. They lose jobs because of slow follow-up and phone tag. Saw.City helps you respond faster and convert more of the calls you already paid to get.', 'Turn phone chaos into booked work', 'Hear it live', '/li', 'linkedin', 'paid-social', '4h_2026-03_activation_phone-chaos', 'lic02_hk02_static1x1', 'owners_1-10', 'approved', '2026-02-20T10:00:00Z') ON CONFLICT (id) DO NOTHING;
INSERT INTO ads (id, platform, campaign_group, format, primary_text, headline, cta, landing_path, utm_source, utm_medium, utm_campaign, utm_content, utm_term, status, created_at) VALUES ('LI-R3', 'linkedin', '4h_linkedin_problem', 'static1x1', 'Still running your business on cell phone + memory + sticky notes? That works… until it costs you jobs. Saw.City is a practical first system for owner-operators who want more consistency without enterprise complexity.', 'Your first real ops system', 'Go live today', '/li', 'linkedin', 'paid-social', '4h_2026-03_activation_first-system', 'lic03_hk03_static1x1', 'owners_1-10', 'approved', '2026-02-20T11:00:00Z') ON CONFLICT (id) DO NOTHING;
INSERT INTO ads (id, platform, campaign_group, format, primary_text, headline, cta, landing_path, utm_source, utm_medium, utm_campaign, utm_content, utm_term, status, created_at) VALUES ('LI-R4', 'linkedin', '4h_linkedin_problem', 'static1x1', 'In local trades, speed wins. The first business to respond usually gets the job. Saw.City helps small operators respond faster and close more opportunities from existing demand.', 'Speed-to-response = more revenue', 'Start now', '/li', 'linkedin', 'paid-social', '4h_2026-03_activation_speed-wins', 'lic04_hk04_static1x1', 'owners_1-10', 'approved', '2026-02-20T12:00:00Z') ON CONFLICT (id) DO NOTHING;
INSERT INTO ads (id, platform, campaign_group, format, primary_text, headline, cta, landing_path, utm_source, utm_medium, utm_campaign, utm_content, utm_term, status, created_at) VALUES ('LI-R5', 'linkedin', '4h_linkedin_problem', 'static1x1', 'You can’t fix what you can’t see. For most small trade operators, the biggest leak is invisible: missed and delayed callbacks. Saw.City helps close that gap fast.', 'Fix the leak you can’t see', 'Hear it live', '/li', 'linkedin', 'paid-social', '4h_2026-03_activation_invisible-leak', 'lic05_hk05_static1x1', 'owners_1-10', 'approved', '2026-02-20T13:00:00Z') ON CONFLICT (id) DO NOTHING;
INSERT INTO ads (id, platform, campaign_group, format, primary_text, headline, cta, landing_path, utm_source, utm_medium, utm_campaign, utm_content, utm_term, status, created_at) VALUES ('LI-R6', 'linkedin', '4h_linkedin_problem', 'static1x1', 'You don’t need enterprise software to run a 1–10 person trade company better. You need a simple system that solves real bottlenecks. Saw.City is built to reduce friction, not add it.', 'Built for small trade operators', 'Go live today', '/li', 'linkedin', 'paid-social', '4h_2026-03_activation_no-enterprise-bloat', 'lic06_hk06_static1x1', 'owners_1-10', 'approved', '2026-02-20T14:00:00Z') ON CONFLICT (id) DO NOTHING;
INSERT INTO ads (id, platform, campaign_group, format, primary_text, headline, cta, landing_path, utm_source, utm_medium, utm_campaign, utm_content, utm_term, status, created_at) VALUES ('YT-01', 'youtube', '4h_youtube_problem', 'video30', 'Every missed call is a hidden tax on your business. Saw.City helps you capture those calls, route them faster, and turn chaos into booked work. No long setup. No sales call. Start now and hear it live.', 'Missed Call Tax', 'Start now', '/yt', 'youtube', 'paid-social', '4h_2026-03_activation_missed-call-tax', 'ytc01_hk07_video30', 'owners_1-10', 'approved', '2026-02-20T15:00:00Z') ON CONFLICT (id) DO NOTHING;
INSERT INTO ads (id, platform, campaign_group, format, primary_text, headline, cta, landing_path, utm_source, utm_medium, utm_campaign, utm_content, utm_term, status, created_at) VALUES ('YT-02', 'youtube', '4h_youtube_problem', 'video30', 'You’re on the job. Phone rings. You miss it. Job gone. Saw.City is built for that exact reality. Set it up fast. Test it today. Keep your pipeline moving.', 'Jobsite Reality', 'Go live today', '/yt', 'youtube', 'paid-social', '4h_2026-03_activation_jobsite-reality', 'ytc02_hk08_video30', 'owners_1-10', 'approved', '2026-02-20T16:00:00Z') ON CONFLICT (id) DO NOTHING;
INSERT INTO ads (id, platform, campaign_group, format, primary_text, headline, cta, landing_path, utm_source, utm_medium, utm_campaign, utm_content, utm_term, status, created_at) VALUES ('YT-03', 'youtube', '4h_youtube_problem', 'video15', 'Still losing jobs to voicemail? Saw.City helps field teams capture more opportunities without adding office overhead.', 'Fast Hook', 'Hear it live', '/yt', 'youtube', 'paid-social', '4h_2026-03_activation_voicemail-loss', 'ytc03_hk09_video15', 'owners_1-10', 'approved', '2026-02-20T17:00:00Z') ON CONFLICT (id) DO NOTHING;
INSERT INTO ads (id, platform, campaign_group, format, primary_text, headline, cta, landing_path, utm_source, utm_medium, utm_campaign, utm_content, utm_term, status, created_at) VALUES ('YT-R4A', 'youtube', '4h_youtube_problem', 'video15', 'Missed calls become missed jobs. Saw.City helps small trade operators capture more inbound opportunities and convert faster—without adding office payroll.', 'Revenue Protection', 'Start now', '/yt', 'youtube', 'paid-social', '4h_2026-03_activation_revenue-protection', 'ytc04_hk10_video15', 'owners_1-10', 'approved', '2026-02-20T18:00:00Z') ON CONFLICT (id) DO NOTHING;
INSERT INTO ads (id, platform, campaign_group, format, primary_text, headline, cta, landing_path, utm_source, utm_medium, utm_campaign, utm_content, utm_term, status, created_at) VALUES ('YT-R4B', 'youtube', '4h_youtube_problem', 'video15', 'If you''re a 1–10 person trade shop, you don''t need enterprise software. You need one simple system that captures calls and keeps jobs moving.', 'First-System Positioning', 'Go live today', '/yt', 'youtube', 'paid-social', '4h_2026-03_activation_first-system', 'ytc05_hk11_video15', 'owners_1-10', 'approved', '2026-02-20T19:00:00Z') ON CONFLICT (id) DO NOTHING;
INSERT INTO ads (id, platform, campaign_group, format, primary_text, headline, cta, landing_path, utm_source, utm_medium, utm_campaign, utm_content, utm_term, status, created_at) VALUES ('YT-R4C', 'youtube', '4h_youtube_problem', 'video15', 'The first response usually wins the job. Saw.City helps you respond faster and close more of the demand you already have.', 'Speed-to-Lead', 'Hear it live', '/yt', 'youtube', 'paid-social', '4h_2026-03_activation_speed-to-lead', 'ytc06_hk12_video15', 'owners_1-10', 'approved', '2026-02-20T20:00:00Z') ON CONFLICT (id) DO NOTHING;
INSERT INTO ads (id, platform, campaign_group, format, primary_text, headline, cta, landing_path, utm_source, utm_medium, utm_campaign, utm_content, utm_term, status, created_at) VALUES ('YT-R5', 'youtube', '4h_youtube_problem', 'video30', 'Most small trade companies don''t lose work because they''re bad at their trade. They lose work in the gap between the first call and the first response. Saw.City helps close that gap: capture inbound calls, route cleanly, and follow up faster. No enterprise complexity. Just practical flow for 1–10 person operators.', 'Underserved Market Narrative', 'Start now', '/yt', 'youtube', 'paid-social', '4h_2026-03_activation_underserved-market', 'ytc07_hk13_video30', 'owners_1-10', 'approved', '2026-02-20T21:00:00Z') ON CONFLICT (id) DO NOTHING;
INSERT INTO ads (id, platform, campaign_group, format, primary_text, headline, cta, landing_path, utm_source, utm_medium, utm_campaign, utm_content, utm_term, status, created_at) VALUES ('FB-01', 'facebook', '4h_facebook_problem', 'static4x5', 'Owner-operator? This runs while you’re on the saw.', 'Capture more calls. Close more jobs.', 'Start now', '/fb', 'facebook', 'paid-social', '4h_2026-03_activation_owner-operator', 'fbc01_hk14_static4x5', 'owners_1-10', 'approved', '2026-02-20T22:00:00Z') ON CONFLICT (id) DO NOTHING;
INSERT INTO ads (id, platform, campaign_group, format, primary_text, headline, cta, landing_path, utm_source, utm_medium, utm_campaign, utm_content, utm_term, status, created_at) VALUES ('FB-02', 'facebook', '4h_facebook_problem', 'static4x5', 'One missed call can cost more than your software all year.', 'Stop missing high-value calls', 'Hear it live', '/fb', 'facebook', 'paid-social', '4h_2026-03_activation_missed-call-value', 'fbc02_hk15_static4x5', 'owners_1-10', 'approved', '2026-02-20T23:00:00Z') ON CONFLICT (id) DO NOTHING;
INSERT INTO ads (id, platform, campaign_group, format, primary_text, headline, cta, landing_path, utm_source, utm_medium, utm_campaign, utm_content, utm_term, status, created_at) VALUES ('FB-03', 'facebook', '4h_facebook_problem', 'static4x5', 'Set it up once. Let it run every day.', 'Go live in minutes', 'Go live today', '/fb', 'facebook', 'paid-social', '4h_2026-03_activation_go-live', 'fbc03_hk16_static4x5', 'owners_1-10', 'approved', '2026-02-21T00:00:00Z') ON CONFLICT (id) DO NOTHING;
INSERT INTO ads (id, platform, campaign_group, format, primary_text, headline, cta, landing_path, utm_source, utm_medium, utm_campaign, utm_content, utm_term, status, created_at) VALUES ('FB-04', 'facebook', '4h_facebook_problem', 'static4x5', 'Built for field chaos, not office fantasy.', 'Field-proof by design', 'Start now', '/fb', 'facebook', 'paid-social', '4h_2026-03_activation_field-proof', 'fbc04_hk17_static4x5', 'owners_1-10', 'approved', '2026-02-21T01:00:00Z') ON CONFLICT (id) DO NOTHING;
INSERT INTO ads (id, platform, campaign_group, format, primary_text, headline, cta, landing_path, utm_source, utm_medium, utm_campaign, utm_content, utm_term, status, created_at) VALUES ('IG-01', 'instagram', '4h_instagram_problem', 'reel9x16', 'Your next job is probably calling right now. Don’t miss it.', '', 'Start now', '/ig', 'instagram', 'paid-social', '4h_2026-03_activation_next-job', 'igc01_hk18_reel9x16', 'owners_1-10', 'approved', '2026-02-21T02:00:00Z') ON CONFLICT (id) DO NOTHING;
INSERT INTO ads (id, platform, campaign_group, format, primary_text, headline, cta, landing_path, utm_source, utm_medium, utm_campaign, utm_content, utm_term, status, created_at) VALUES ('IG-02', 'instagram', '4h_instagram_problem', 'reel9x16', 'Field-proof. Jobsite-proof. No BS.', '', 'Start now', '/ig', 'instagram', 'paid-social', '4h_2026-03_activation_jobsite-proof', 'igc02_hk19_reel9x16', 'owners_1-10', 'approved', '2026-02-21T03:00:00Z') ON CONFLICT (id) DO NOTHING;
INSERT INTO ads (id, platform, campaign_group, format, primary_text, headline, cta, landing_path, utm_source, utm_medium, utm_campaign, utm_content, utm_term, status, created_at) VALUES ('IG-03', 'instagram', '4h_instagram_problem', 'reel9x16', 'Real calls. Real jobs. No demo theater.', '', 'Start now', '/ig', 'instagram', 'paid-social', '4h_2026-03_activation_real-calls', 'igc03_hk20_reel9x16', 'owners_1-10', 'approved', '2026-02-21T04:00:00Z') ON CONFLICT (id) DO NOTHING;
INSERT INTO ads (id, platform, campaign_group, format, primary_text, headline, cta, landing_path, utm_source, utm_medium, utm_campaign, utm_content, utm_term, status, created_at) VALUES ('IG-04', 'instagram', '4h_instagram_problem', 'reel9x16', 'Built for operators, not software tourists.', '', 'Start now', '/ig', 'instagram', 'paid-social', '4h_2026-03_activation_operators', 'igc04_hk21_reel9x16', 'owners_1-10', 'approved', '2026-02-21T05:00:00Z') ON CONFLICT (id) DO NOTHING;
INSERT INTO ads (id, platform, campaign_group, format, primary_text, headline, cta, landing_path, utm_source, utm_medium, utm_campaign, utm_content, utm_term, status, created_at) VALUES ('LI-RT-01', 'linkedin', '4h_linkedin_retarget', 'static1x1', 'You already saw how Saw.City works. The only thing left is turning missed calls into booked jobs. No demo. No waiting. Start self-serve and route your first call today.', 'Finish setup. Start capturing jobs.', 'Start now', '/li', 'linkedin', 'paid-social', '4h_2026-03_retarget_finish-setup', 'rtc01_li_static1x1', 'owners_1-10', 'approved', '2026-02-21T06:00:00Z') ON CONFLICT (id) DO NOTHING;
INSERT INTO ads (id, platform, campaign_group, format, primary_text, headline, cta, landing_path, utm_source, utm_medium, utm_campaign, utm_content, utm_term, status, created_at) VALUES ('LI-RT-02', 'linkedin', '4h_linkedin_retarget', 'static1x1', 'You’re close. Most operators finish setup in minutes and get to first handled call fast. Complete your setup now—no sales call required.', 'You’re one step from go-live', 'Go live today', '/li', 'linkedin', 'paid-social', '4h_2026-03_retarget_one-step-go-live', 'rtc02_li_static1x1', 'owners_1-10', 'approved', '2026-02-21T07:00:00Z') ON CONFLICT (id) DO NOTHING;
INSERT INTO ads (id, platform, campaign_group, format, primary_text, headline, cta, landing_path, utm_source, utm_medium, utm_campaign, utm_content, utm_term, status, created_at) VALUES ('META-RT-01', 'facebook', '4h_meta_retarget', 'static4x5', 'Missed calls don’t wait. Finish your Saw.City setup and capture the jobs already trying to reach you.', 'Stop losing work to voicemail', 'Start now', '/fb', 'facebook', 'paid-social', '4h_2026-03_retarget_missed-call-recovery', 'rtc03_meta_static4x5', 'owners_1-10', 'approved', '2026-02-21T08:00:00Z') ON CONFLICT (id) DO NOTHING;
INSERT INTO ads (id, platform, campaign_group, format, primary_text, headline, cta, landing_path, utm_source, utm_medium, utm_campaign, utm_content, utm_term, status, created_at) VALUES ('META-RT-02', 'facebook', '4h_meta_retarget', 'static4x5', 'You did the hard part. Complete checkout, switch on your call flow, and run it while you’re in the field.', 'Finish in minutes', 'Complete setup', '/fb', 'facebook', 'paid-social', '4h_2026-03_retarget_checkout-recovery', 'rtc04_meta_static4x5', 'owners_1-10', 'approved', '2026-02-21T09:00:00Z') ON CONFLICT (id) DO NOTHING;
INSERT INTO ads (id, platform, campaign_group, format, primary_text, headline, cta, landing_path, utm_source, utm_medium, utm_campaign, utm_content, utm_term, status, created_at) VALUES ('YT-RT-01', 'youtube', '4h_youtube_retarget', 'video15', 'You already checked out Saw.City. Finish setup now and turn missed calls into booked jobs—without a demo call. Go live today.', 'You’re close', 'Finish setup now', '/yt', 'youtube', 'paid-social', '4h_2026-03_retarget_youre-close', 'rtc05_yt_video15', 'owners_1-10', 'approved', '2026-02-21T10:00:00Z') ON CONFLICT (id) DO NOTHING;
INSERT INTO ads (id, platform, campaign_group, format, primary_text, headline, cta, landing_path, utm_source, utm_medium, utm_campaign, utm_content, utm_term, status, created_at) VALUES ('YT-RT-02', 'youtube', '4h_youtube_retarget', 'video30', 'If you run a small trade operation, speed matters. You already started with Saw.City—now complete setup and route your calls with a real system. No demo scheduling. No enterprise bloat. Just self-serve setup and first handled call.', 'Self-serve activation', 'Go live today', '/yt', 'youtube', 'paid-social', '4h_2026-03_retarget_self-serve-activation', 'rtc06_yt_video30', 'owners_1-10', 'approved', '2026-02-21T11:00:00Z') ON CONFLICT (id) DO NOTHING;

-- ─── AD STATUS HISTORY ────────────────────────────────────────────────────────
INSERT INTO ad_status_history (ad_id, status, note, changed_at) VALUES ('LI-R1', 'approved', 'Imported from CAMPAIGN-UPLOAD-SHEET-v2.csv', '2026-02-20T09:00:00Z');
INSERT INTO ad_status_history (ad_id, status, note, changed_at) VALUES ('LI-R2', 'approved', 'Imported from CAMPAIGN-UPLOAD-SHEET-v2.csv', '2026-02-20T10:00:00Z');
INSERT INTO ad_status_history (ad_id, status, note, changed_at) VALUES ('LI-R3', 'approved', 'Imported from CAMPAIGN-UPLOAD-SHEET-v2.csv', '2026-02-20T11:00:00Z');
INSERT INTO ad_status_history (ad_id, status, note, changed_at) VALUES ('LI-R4', 'approved', 'Imported from CAMPAIGN-UPLOAD-SHEET-v2.csv', '2026-02-20T12:00:00Z');
INSERT INTO ad_status_history (ad_id, status, note, changed_at) VALUES ('LI-R5', 'approved', 'Imported from CAMPAIGN-UPLOAD-SHEET-v2.csv', '2026-02-20T13:00:00Z');
INSERT INTO ad_status_history (ad_id, status, note, changed_at) VALUES ('LI-R6', 'approved', 'Imported from CAMPAIGN-UPLOAD-SHEET-v2.csv', '2026-02-20T14:00:00Z');
INSERT INTO ad_status_history (ad_id, status, note, changed_at) VALUES ('YT-01', 'approved', 'Imported from CAMPAIGN-UPLOAD-SHEET-v2.csv', '2026-02-20T15:00:00Z');
INSERT INTO ad_status_history (ad_id, status, note, changed_at) VALUES ('YT-02', 'approved', 'Imported from CAMPAIGN-UPLOAD-SHEET-v2.csv', '2026-02-20T16:00:00Z');
INSERT INTO ad_status_history (ad_id, status, note, changed_at) VALUES ('YT-03', 'approved', 'Imported from CAMPAIGN-UPLOAD-SHEET-v2.csv', '2026-02-20T17:00:00Z');
INSERT INTO ad_status_history (ad_id, status, note, changed_at) VALUES ('YT-R4A', 'approved', 'Imported from CAMPAIGN-UPLOAD-SHEET-v2.csv', '2026-02-20T18:00:00Z');
INSERT INTO ad_status_history (ad_id, status, note, changed_at) VALUES ('YT-R4B', 'approved', 'Imported from CAMPAIGN-UPLOAD-SHEET-v2.csv', '2026-02-20T19:00:00Z');
INSERT INTO ad_status_history (ad_id, status, note, changed_at) VALUES ('YT-R4C', 'approved', 'Imported from CAMPAIGN-UPLOAD-SHEET-v2.csv', '2026-02-20T20:00:00Z');
INSERT INTO ad_status_history (ad_id, status, note, changed_at) VALUES ('YT-R5', 'approved', 'Imported from CAMPAIGN-UPLOAD-SHEET-v2.csv', '2026-02-20T21:00:00Z');
INSERT INTO ad_status_history (ad_id, status, note, changed_at) VALUES ('FB-01', 'approved', 'Imported from CAMPAIGN-UPLOAD-SHEET-v2.csv', '2026-02-20T22:00:00Z');
INSERT INTO ad_status_history (ad_id, status, note, changed_at) VALUES ('FB-02', 'approved', 'Imported from CAMPAIGN-UPLOAD-SHEET-v2.csv', '2026-02-20T23:00:00Z');
INSERT INTO ad_status_history (ad_id, status, note, changed_at) VALUES ('FB-03', 'approved', 'Imported from CAMPAIGN-UPLOAD-SHEET-v2.csv', '2026-02-21T00:00:00Z');
INSERT INTO ad_status_history (ad_id, status, note, changed_at) VALUES ('FB-04', 'approved', 'Imported from CAMPAIGN-UPLOAD-SHEET-v2.csv', '2026-02-21T01:00:00Z');
INSERT INTO ad_status_history (ad_id, status, note, changed_at) VALUES ('IG-01', 'approved', 'Imported from CAMPAIGN-UPLOAD-SHEET-v2.csv', '2026-02-21T02:00:00Z');
INSERT INTO ad_status_history (ad_id, status, note, changed_at) VALUES ('IG-02', 'approved', 'Imported from CAMPAIGN-UPLOAD-SHEET-v2.csv', '2026-02-21T03:00:00Z');
INSERT INTO ad_status_history (ad_id, status, note, changed_at) VALUES ('IG-03', 'approved', 'Imported from CAMPAIGN-UPLOAD-SHEET-v2.csv', '2026-02-21T04:00:00Z');
INSERT INTO ad_status_history (ad_id, status, note, changed_at) VALUES ('IG-04', 'approved', 'Imported from CAMPAIGN-UPLOAD-SHEET-v2.csv', '2026-02-21T05:00:00Z');
INSERT INTO ad_status_history (ad_id, status, note, changed_at) VALUES ('LI-RT-01', 'approved', 'Imported from CAMPAIGN-UPLOAD-SHEET-v2.csv', '2026-02-21T06:00:00Z');
INSERT INTO ad_status_history (ad_id, status, note, changed_at) VALUES ('LI-RT-02', 'approved', 'Imported from CAMPAIGN-UPLOAD-SHEET-v2.csv', '2026-02-21T07:00:00Z');
INSERT INTO ad_status_history (ad_id, status, note, changed_at) VALUES ('META-RT-01', 'approved', 'Imported from CAMPAIGN-UPLOAD-SHEET-v2.csv', '2026-02-21T08:00:00Z');
INSERT INTO ad_status_history (ad_id, status, note, changed_at) VALUES ('META-RT-02', 'approved', 'Imported from CAMPAIGN-UPLOAD-SHEET-v2.csv', '2026-02-21T09:00:00Z');
INSERT INTO ad_status_history (ad_id, status, note, changed_at) VALUES ('YT-RT-01', 'approved', 'Imported from CAMPAIGN-UPLOAD-SHEET-v2.csv', '2026-02-21T10:00:00Z');
INSERT INTO ad_status_history (ad_id, status, note, changed_at) VALUES ('YT-RT-02', 'approved', 'Imported from CAMPAIGN-UPLOAD-SHEET-v2.csv', '2026-02-21T11:00:00Z');

-- ─── LIFECYCLE MESSAGES ───────────────────────────────────────────────────────
INSERT INTO lifecycle_messages (id, asset_id, channel, timing, subject, message, goal, status, updated_at) VALUES ('ONB-EMAIL-01', 'ONB-EMAIL-01', 'email', 'day0', 'You’re in — let’s get your call flow live today', 'Hey {{first_name}},\n\nWelcome to Saw.City. You can go from signup to live call handling in a few steps:\n1) Confirm your number setup\n2) Set your greeting\n3) Configure routing\n4) Run a quick test call\n\nNo demo call needed—just finish setup and go live.\n\nComplete setup: {{onboarding_link}}', 'activate_first_call', 'active', '2026-02-27T00:00:00Z') ON CONFLICT (id) DO NOTHING;
INSERT INTO lifecycle_messages (id, asset_id, channel, timing, subject, message, goal, status, updated_at) VALUES ('ONB-EMAIL-02', 'ONB-EMAIL-02', 'email', 'day1', 'You’re one step from first handled call', 'Hey {{first_name}},\n\nYou’re close. Finish your setup and start capturing the calls that usually slip through.\n\nIf you complete your test call today, your flow is live.\n\nFinish setup now: {{onboarding_link}}', 'reduce_setup_dropoff', 'active', '2026-02-27T00:00:00Z') ON CONFLICT (id) DO NOTHING;
INSERT INTO lifecycle_messages (id, asset_id, channel, timing, subject, message, goal, status, updated_at) VALUES ('ONB-EMAIL-03', 'ONB-EMAIL-03', 'email', 'day3', 'Ready to stop the missed-call leak?', 'Hey {{first_name}},\n\nOperators who complete setup early usually see impact fastest: faster response and fewer dropped opportunities.\n\nKeep it simple—complete setup and run your first live call today.\n\nGo live: {{onboarding_link}}', 'activation_push', 'active', '2026-02-27T00:00:00Z') ON CONFLICT (id) DO NOTHING;
INSERT INTO lifecycle_messages (id, asset_id, channel, timing, subject, message, goal, status, updated_at) VALUES ('ONB-SMS-01', 'ONB-SMS-01', 'sms', 'day0', '', 'Welcome to Saw.City. You’re a few steps from go-live. No demo needed—finish setup here: {{short_link}}', 'activate_first_call', 'active', '2026-02-27T00:00:00Z') ON CONFLICT (id) DO NOTHING;
INSERT INTO lifecycle_messages (id, asset_id, channel, timing, subject, message, goal, status, updated_at) VALUES ('ONB-SMS-02', 'ONB-SMS-02', 'sms', 'day1', '', 'Quick nudge: you’re close to first handled call. Finish setup now and stop missed-call leakage: {{short_link}}', 'reduce_setup_dropoff', 'active', '2026-02-27T00:00:00Z') ON CONFLICT (id) DO NOTHING;
INSERT INTO lifecycle_messages (id, asset_id, channel, timing, subject, message, goal, status, updated_at) VALUES ('ONB-SMS-03', 'ONB-SMS-03', 'sms', 'day3', '', 'Last nudge for now: complete your Saw.City setup today to start capturing jobs already calling you: {{short_link}}', 'activation_push', 'active', '2026-02-27T00:00:00Z') ON CONFLICT (id) DO NOTHING;

-- ─── LAUNCH CHECKLIST ─────────────────────────────────────────────────────────
INSERT INTO launch_checklist (id, label, platform, checked) VALUES ('LG-05', 'LinkedIn Insight Tag firing on saw.city/li', 'linkedin', false) ON CONFLICT (id) DO NOTHING;
INSERT INTO launch_checklist (id, label, platform, checked) VALUES ('LG-06', 'Meta Pixel firing on saw.city/fb and saw.city/ig', 'meta', false) ON CONFLICT (id) DO NOTHING;
INSERT INTO launch_checklist (id, label, platform, checked) VALUES ('LG-07', 'Google Tag firing on saw.city/yt', 'youtube', false) ON CONFLICT (id) DO NOTHING;
INSERT INTO launch_checklist (id, label, platform, checked) VALUES ('LG-08', 'All UTM params confirmed passing through to GA/analytics endpoint', 'tracking', false) ON CONFLICT (id) DO NOTHING;
INSERT INTO launch_checklist (id, label, platform, checked) VALUES ('LG-09', '021_marketing_events.sql migration applied in Supabase', 'tracking', false) ON CONFLICT (id) DO NOTHING;
INSERT INTO launch_checklist (id, label, platform, checked) VALUES ('LG-10', 'lp_view / signup_start / checkout_complete events confirmed in analytics table', 'tracking', false) ON CONFLICT (id) DO NOTHING;
INSERT INTO launch_checklist (id, label, platform, checked) VALUES ('LG-11', 'All 27 ad creatives (images/videos) uploaded to asset libraries', 'all', false) ON CONFLICT (id) DO NOTHING;
INSERT INTO launch_checklist (id, label, platform, checked) VALUES ('LG-12', 'All 4 landing pages live (saw.city/li, /yt, /fb, /ig)', 'meta', false) ON CONFLICT (id) DO NOTHING;
INSERT INTO launch_checklist (id, label, platform, checked) VALUES ('LG-13', 'Kill/scale thresholds documented and team briefed (ref OPERATING-PACK-v1.md)', 'all', false) ON CONFLICT (id) DO NOTHING;
INSERT INTO launch_checklist (id, label, platform, checked) VALUES ('LG-14', '$20k budget confirmed in ad account billing', 'all', false) ON CONFLICT (id) DO NOTHING;

-- ─── BUDGET ────────────────────────────────────────────────────────────────────
INSERT INTO budget (platform, allocated, spent) VALUES ('linkedin', 5000, 0) ON CONFLICT (platform) DO NOTHING;
INSERT INTO budget (platform, allocated, spent) VALUES ('youtube', 5000, 0) ON CONFLICT (platform) DO NOTHING;
INSERT INTO budget (platform, allocated, spent) VALUES ('facebook', 5000, 0) ON CONFLICT (platform) DO NOTHING;
INSERT INTO budget (platform, allocated, spent) VALUES ('instagram', 5000, 0) ON CONFLICT (platform) DO NOTHING;

-- ─── CAMPAIGN CONFIG ───────────────────────────────────────────────────────────
INSERT INTO campaign_config (id, status, total_budget) VALUES (1, 'pre-launch', 20000) ON CONFLICT (id) DO NOTHING;

-- ─── INITIAL WEEKLY METRICS ────────────────────────────────────────────────────
INSERT INTO weekly_metrics (week_start, platform) VALUES ('2026-03-02', 'linkedin') ON CONFLICT (week_start, platform) DO NOTHING;
INSERT INTO weekly_metrics (week_start, platform) VALUES ('2026-03-02', 'youtube') ON CONFLICT (week_start, platform) DO NOTHING;
INSERT INTO weekly_metrics (week_start, platform) VALUES ('2026-03-02', 'facebook') ON CONFLICT (week_start, platform) DO NOTHING;
INSERT INTO weekly_metrics (week_start, platform) VALUES ('2026-03-02', 'instagram') ON CONFLICT (week_start, platform) DO NOTHING;

-- ─── APPROVAL QUEUE ────────────────────────────────────────────────────────────
INSERT INTO approval_queue (id, type, title, content, platform, status) VALUES ('LI-RT-01', 'retargeting_ad', 'LinkedIn Retargeting — Finish Setup', 'You already saw how Saw.City works. The only thing left is turning missed calls into booked jobs. No demo. No waiting. Start self-serve and route your first call today. | Headline: Finish setup. Start capturing jobs. | CTA: Start now', 'linkedin', 'approved') ON CONFLICT (id) DO NOTHING;
INSERT INTO approval_queue (id, type, title, content, platform, status) VALUES ('LI-RT-02', 'retargeting_ad', 'LinkedIn Retargeting — One Step from Go-Live', 'You''re close. Most operators finish setup in minutes. Complete your setup now—no sales call required. | Headline: You''re one step from go-live | CTA: Go live today', 'linkedin', 'approved') ON CONFLICT (id) DO NOTHING;
INSERT INTO approval_queue (id, type, title, content, platform, status) VALUES ('META-RT-01', 'retargeting_ad', 'Meta Retargeting — Missed Call Recovery', 'Missed calls don''t wait. Finish your Saw.City setup and capture the jobs already trying to reach you. | Headline: Stop losing work to voicemail | CTA: Start now', 'facebook', 'approved') ON CONFLICT (id) DO NOTHING;
INSERT INTO approval_queue (id, type, title, content, platform, status) VALUES ('META-RT-02', 'retargeting_ad', 'Meta Retargeting — Checkout Recovery', 'You did the hard part. Complete checkout, switch on your call flow, and run it while you are in the field. | Headline: Finish in minutes | CTA: Complete setup', 'facebook', 'approved') ON CONFLICT (id) DO NOTHING;
INSERT INTO approval_queue (id, type, title, content, platform, status) VALUES ('YT-RT-01', 'retargeting_ad', 'YouTube Retargeting — You''re Close (15s)', 'You already checked out Saw.City. Finish setup now and turn missed calls into booked jobs—without a demo call. Go live today. | CTA card: Finish setup now', 'youtube', 'approved') ON CONFLICT (id) DO NOTHING;
INSERT INTO approval_queue (id, type, title, content, platform, status) VALUES ('YT-RT-02', 'retargeting_ad', 'YouTube Retargeting — Self-Serve Activation (30s)', 'If you run a small trade operation, speed matters. You already started with Saw.City—now complete setup and route your calls. No demo scheduling. | CTA card: Go live today', 'youtube', 'approved') ON CONFLICT (id) DO NOTHING;
INSERT INTO approval_queue (id, type, title, content, platform, status) VALUES ('LPB-01', 'lp_block', 'LP Social Proof Block', 'Trusted by operator-led trade teams that move fast. Built for 1-10 person operator teams. Self-serve onboarding for same-day go-live.', 'all', 'approved') ON CONFLICT (id) DO NOTHING;
INSERT INTO approval_queue (id, type, title, content, platform, status) VALUES ('LPB-02', 'lp_block', 'LP Objection Block', 'I don''t have time for another system. — That''s exactly why Saw.City exists. Setup is built to be fast, practical, and operator-friendly.', 'all', 'approved') ON CONFLICT (id) DO NOTHING;
INSERT INTO approval_queue (id, type, title, content, platform, status) VALUES ('LPB-03', 'lp_block', 'LP Offer Stack Block', 'What you get when you start: Instant account + self-serve setup. Call routing + response workflow. Operator-first onboarding. Day 1/3/7 nudges.', 'all', 'approved') ON CONFLICT (id) DO NOTHING;
INSERT INTO approval_queue (id, type, title, content, platform, status) VALUES ('LPB-04', 'lp_block', 'LP FAQ Block', 'Q: Do I need a demo? A: No. Q: How long setup? A: Minutes. Q: Enterprise? A: No. Q: Main outcome? A: Faster response, fewer missed opportunities.', 'all', 'approved') ON CONFLICT (id) DO NOTHING;
